1980,1981,1982,1983,1984,1985,1986,1987,1988,1989,1990,1991,1992,1993,1994,1995,1996,1997,1998,1999,2000,2001,2002,2003,2004,2005,2006,2007,2008,2009
North America,554.52133,560.11266,598.7188,628.96424,643.32456,625.04103,638.15114,603.08962,569.54809,649.18543,686.62304,698.4128,679.49166,716.7583,697.506,759.58469,820.86315,822.45919,769.67683,791.46725,763.16144,672.17803,743.35392,740.85852,746.08948,777.88961,800.07851,779.75642,829.61597,832.6826
Bermuda,0,0,0,0,0,0,0,0,0,0,0,0,0,0,0,0,0,0,0,0,0,0,0,0,0,0,0,0,0,0
Canada,252.233,264.94,257.217,265.344,285.593,302.397,309.43,315.392,305.828,290.95,297.65755,309.10025,317.48915,325.0037,332.0034,338.03305,357.7529,353.8419,335.6319,350.186,363.036,338.535,356.085,343.515,346.7538,370.155,362.4975,377.9452,390.367,374.4776
Greenland,0,0,0,0,0,0,0,0,0,0,0,0,0,0,0,0,0,0,0,0,0,0,0,0,0,0,0,0,0,0
Mexico,17.6,25.274,23.964,21.873,24.782,27.609,23.213,22.575,25.635,29.073,28.11175,26.80025,31.4248,31.56015,25.1748,32.6497,36.5813,31.36919,30.04945,38.29845,38.85295,34.007,30.304,28.0059,33.61865,37.2629,38.8347,36.8326,46.5133,33.8807
Saint Pierre and Miquelon,0,0,0,0,0,0,0,0,0,0,0,0,0,0,0,0,0,0,0,0,0,0,0,0,0,0,0,0,0,0
United States,284.68833,269.89866,317.5378,341.74724,332.94956,295.03503,305.50814,265.12262,238.08509,329.16243,360.85374,362.5123,330.57771,360.19445,340.3278,388.90194,426.52895,437.2481,403.99548,402.9828,361.27249,299.63603,356.96492,369.33762,365.71703,370.47171,398.74631,364.97862,392.73567,424.3243
Central & South America,205.8138,208.4267,227.7479,247.034,270.5009,291.7463,315.4365,329.3858,342.5196,350.8731,369.50821,389.97056,398.34672,428.17583,453.87994,469.76262,491.45633,516.73983,525.75184,529.27061,559.2523,525.60706,551.26354,578.10007,600.64064,634.85721,663.78842,689.83591,696.23329,703.33
Antarctica,0,0,0,0,0,0,0,0,0,0,0,0,0,0,0,0,0,0,0,0,0,0,0,0,0,0,0,0,0,0
Antigua and Barbuda,0,0,0,0,0,0,0,0,0,0,0,0,0,0,0,0,0,0,0,0,0,0,0,0,0,0,0,0,0,0
Argentina,17.404,16.462,18.891,18.55,20.546,20.55,20.901,21.726,14.998,12.948,17.799,16.154,19.287,23.73,27.201,26.675,23.03,28.174,26.646,21.723,29.16,37.298,36.401,34.548,31.33547,34.97228,38.95529,31.67011,31.54644,NA
Aruba,--,--,--,--,--,--,0,0,0,0,0,0,0,0,0,0,0,0,0,0,0,0,0,0,0,0,0,0,0,NA
Bahamas, The,0,0,0,0,0,0,0,0,0,0,0,0,0,0,0,0,0,0,0,0,0,0,0,0,0,0,0,0,0,0
Barbados,0,0,0,0,0,0,0,0,0,0,0,0,0,0,0,0,0,0,0,0,0,0,0,0,0,0,0,0,0,NA
Belize,0,0,0,0,0,0,0,0,0,0,0,0,0,0,0,0.04,0.06,0.068,0.065,0.075,0.093,0.09137,0.08824,0.06115,0.06321,0.06858,0.17773,0.1774,0.20445,NA
Bolivia,1.115,1.166,1.215,1.198,1.215,1.183,1.165,1.164,1.296,1.285,1.274,1.437,1.409,1.437,1.4,1.337,1.513,1.633,1.552,1.835,2.013,2.218,2.277,2.089,2.246,2.1264,2.29968,2.45291,2.4347,NA
Brazil,130.3588,131.4337,142.0099,153.061,167.9659,179.6363,183.9005,187.3778,200.5286,205.9651,208.2045,219.4125,225.6196,237.0745,245.3985,256.6043,269.3925,282.9557,295.58931,297.8905,308.5819,272.9972,293.1405,314.2061,330.0046,348.3269,360.1406,387.7673,385.2266,409.80576
Cayman Islands,0,0,0,0,0,0,0,0,0,0,0,0,0,0,0,0,0,0,0,0,0,0,0,0,0,0,0,0,0,0
Chile,7.443,7.693,8.589,9.131,9.523,10.543,11.572,12.283,11.665,9.812,12.175,13.348,17.19,17.77,17.532,20.5004,19.7808,19.6175,16.6263,14.4984,20.4944,23.4548,23.0868,23.7425,23.2844,27.5971,29.8561,25.1257,26.608,NA
Colombia,14.533,14.549,18.32,18.303,20.508,21.805,25.411,21.581,24.82,26.902,27.474,27.422,22.499,27.996,32.269,32.224,35.631,31.87,31.034,33.893,32.276,32.003,34.145,36.332,40.218,39.9793,40.5148,42.0107,43.6968,NA
Costa Rica,2.098,2.261,2.362,2.805,2.979,2.749,2.866,2.974,3.02,3.287,3.348,3.629,3.552,3.92,4.232,3.979,4.284,5.364,4.868,5.948,6.726,6.7187,7.228,7.227,7.876,7.8462,8.0209,8.182,8.6535,NA
Cuba,0.973,0.955,1.003,1.059,1.103,1.092,1.147,1.151,1.282,1.259,1.205,1.065,1.097,0.756,0.73,0.597,0.794,0.85,0.825,0.781,0.789,0.806,0.851,0.887,0.69572,0.627,0.5245,0.43719,0.5074,NA
Dominica,0.009,0.01,0.009,0.015,0.016,0.014,0.013,0.014,0.016,0.016,0.016,0.016,0.016,0.016,0.017,0.019,0.019,0.02,0.027,0.032,0.032,0.027,0.03,0.029,0.034,0.028,0.03,0.03,0.032,NA
Dominican Republic,0.646,0.883,0.831,0.863,0.639,1.074,0.94,0.99,0.87,0.623,0.416,0.577,0.554,1.151,0.571,0.637,0.892,0.704,0.756,1.123,0.79,0.587,0.906,1.231,1.633,1.9045,1.7695,1.7691,1.7385,NA
Ecuador,0.878,0.783,0.89,1.712,3.163,3.761,4.27,4.486,4.741,4.867,4.937,5.025,4.924,5.752,6.499,5.109,6.281,6.469,6.441,7.105,7.533,7,7.45,7.10862,7.33758,6.852,7.5739,9.669,11.5811,NA
El Salvador,1.418,1.324,1.372,1.446,1.567,1.616,1.629,1.578,1.74,1.879,1.845,1.257,1.373,1.532,1.581,1.883,2.292,1.8977,2.001,2.34,1.93,2.08899,2.093,2.4487,2.35845,2.67645,3.0573,3.1223,3.5608,NA
Falkland Islands (Islas Malvinas),0,0,0,0,0,0,0,0,0,0,0,0,0,0,0,0,0,0,0,0,0,0,0,0,0,0,0,0,0,0
French Guiana,0,0,0,0,0,0,0,0,0,0,0,0,0,0,0,0,0,0,0,0,0,0,0,0,0,0,0,0,0,0
Grenada,0,0,0,0,0,0,0,0,0,0,0,0,0,0,0,0,0,0,0,0,0,0,0,0,0,0,0,0,0,0
Guadeloupe,0,0,0,0,0,0,0,0,0,0,0,0,0,0,0,0,0,0,0,0,0,0,0,0,0,0,0,0,0,0
Guatemala,0.567,0.394,0.54,0.855,0.657,0.729,1.758,1.748,1.906,2.156,2.457,2.509,2.214,2.331,2.47,2.174,2.582,2.964,2.237,2.868,3.068,2.711,2.487,3.285,3.28,4.0792,4.7488,4.8943,5.1494,NA
Guyana,0.005,0.005,0.005,0.005,0.005,0.005,0.005,0.005,0.005,0.005,0.005,0.005,0.005,0.005,0.005,0.005,0.005,0.005,0.006,0.006,0,0,0,0,0,0,0,0,0,NA
Haiti,0.229,0.234,0.258,0.268,0.278,0.307,0.334,0.332,0.332,0.332,0.368,0.345,0.318,0.271,0.231,0.25,0.269,0.198,0.303,0.265,0.28,0.28,0.257,0.252,0.257,0.262,0.268,0.152,0.179,NA
Honduras,0.772,0.821,0.846,0.831,0.865,0.866,1.272,1.131,1.739,1.825,2.066,2.098,2.17,2.241,1.8,1.656,2.019,2.064,1.904,2.11,2.238,1.894,1.609,1.758,1.4392,1.8378,2.1839,2.3516,2.4551,NA
Jamaica,0.172,0.171,0.187,0.204,0.134,0.124,0.163,0.186,0.184,0.214,0.202,0.164,0.195,0.209,0.234,0.212,0.222,0.233,0.21,0.212,0.211,0.157,0.19,0.243,0.273,0.2965,0.3169,0.309,0.3042,NA
Martinique,0,0,0,0,0,0,0,0,0,0,0,0,0,0,0,0,0,0,0,0,0,0,0,0,0,0,0,0,0,0
Montserrat,0,0,0,0,0,0,0,0,0,0,0,0,0,0,0,0,0,0,0,0,0,0,0,0,0,0,0,0,0,0
Netherlands Antilles,0,0,0,0,0,0,0,0,0,0,0,0,0,0,0,0,0,0,0,0,0,0,0,0,0,0,0,0,0,0
Nicaragua,0.54,0.523,0.455,0.35,0.533,0.587,0.546,0.661,0.594,0.943,0.816,0.822,0.734,0.888,0.742,0.742,0.719,0.631,0.464,0.538,0.402,0.436,0.548,0.649,0.677,0.83892,0.72986,0.89342,1.15647,NA
Panama,0.995,1.464,1.224,0.998,1.62,2.006,2.179,2.107,2.305,2.226,2.238,2.084,1.912,2.295,2.393,2.408,2.99,2.894,2.141,3.122,3.407,2.496,3.384,2.815,3.764,3.7088,3.563,3.648,3.9511,NA
Paraguay,0.717,0.754,0.675,0.791,0.903,4.065,11.908,18.499,19.899,24.229,27.204,29.368,27.157,31.127,36.048,41.702,44.858,50.343,50.362,51.444,52.957,44.864,47.73,51.253,51.412,50.654,53.246,53.188,54.909,NA
Peru,7.115,8.092,8.586,8.29,8.747,9.594,10.248,10.978,10.487,10.452,10.497,11.499,9.812,11.781,12.741,12.834,13.321,13.217,13.786,14.522,16.157,17.593,18.044,18.544,17.503,18.2419,19.8633,19.7825,19.3232,NA
Puerto Rico,0.204,0.124,0.104,0.11,0.135,0.183,0.223,0.257,0.272,0.272,0.13671,0.11906,0.13512,0.12033,0.06744,0.08692,0.13503,0.10193,0.10323,0.15871,0.152,0.133,0.114,0.103,0.141,0.13828,0.142,0.164,0.156,NA
Saint Kitts and Nevis,0,0,0,0,0,0,0,0,0,0,0,0,0,0,0,0,0,0,0,0,0,0,0,0,0,0,0,0,0,0
Saint Lucia,0,0,0,0,0,0,0,0,0,0,0,0,0,0,0,0,0,0,0,0,0,0,0,0,0,0,0,0,0,0
Saint Vincent/Grenadines,0.017,0.017,0.018,0.018,0.022,0.026,0.028,0.031,0.035,0.036,0.024,0.013,0.02,0.023,0.021,0.021,0.021,0.021,0.022,0.022,0.025,0.019,0.022,0.021,0.027,0.026,0.02296,0.02249,0.02344,NA
Suriname,0.883,0.825,1.051,0.714,0.846,0.962,0.756,0.323,0.485,1.087,1.171,1.393,1.437,1.45,1.463,1.279,1.281,1.289,1.294,1.311,0.71,0.725,0.741,0.752,0.764,0.821,0.862,0.862,0.875,NA
Trinidad and Tobago,0.025,0.018,0.017,0.015,0.012,0.016,0.025,0.029,0.026,0.025,0.029,0.024,0.029,0.027,0.03,0.031,0.016,0.017,0.017,0.017,0.019,0.028,0.025,0.011,0.0218,0.0209,0.0247,0.0076,0.0095,NA
Turks and Caicos Islands,0,0,0,0,0,0,0,0,0,0,0,0,0,0,0,0,0,0,0,0,0,0,0,0,0,0,0,0,0,0
Uruguay,2.259,2.532,2.456,7.134,7.059,6.428,7.27,7.239,5.413,3.909,6.988,6.097,7.899,7.279,7.443,5.831,5.743,6.444,9.096,5.482,7.01,9.136,9.476,8.479,4.7672,6.6522,3.6047,8.1153,5.2466,NA
Venezuela,14.438,14.933,15.834,18.308,19.46,21.825,24.907,30.535,33.861,34.319,36.613,44.088,46.789,46.994,50.761,50.926,53.306,56.695,57.376,59.949,62.198,59.845,58.94,60.025,69.228,74.275,81.292,83.032,86.705,85.839
Virgin Islands,  U.S.,0,0,0,0,0,0,0,0,0,0,0,0,0,0,0,0,0,0,0,0,0,0,0,0,0,0,0,0,0,0
Virgin Islands, British,0,0,0,0,0,0,0,0,0,0,0,0,0,0,0,0,0,0,0,0,0,0,0,0,0,0,0,0,0,0
Europe,471.833,477.757,473.385,486.588,495.115,491.059,474.995,508.633,552.431,484.1149,494.2273,496.73225,534.489,554.4991,563.0852,579.26735,567.8856,590.00747,616.96055,628.56355,660.59196,668.24565,640.51118,619.50403,680.70835,700.4681,715.39214,755.10473,805.64993,890.993,991.09
Albania,2.919,3.018,3.093,3.167,3.241,3.315,3.365,3.979,3.713,3.846,2.82,3.483,3.187,3.281,3.733,4.162,5.669,4.978,4.872,5.231,4.548,3.519,3.477,5.117,5.411,5.319,4.951,2.76,3.759,NA
Austria,28.809,30.323,30.398,30.104,29.145,31.17,31.42,26.257,36.146,35.691,32.291,32.304,35.787,37.67,36.534,38.508,35.593,37.503,38.656,41.9739,43.1748,41.7627,41.51835,34.83585,39.171,40.1768,39.4507,42.7716,44.2749,46.5158
Belgium,0.559,0.653,0.574,0.539,0.567,0.58,0.792,0.936,0.926,0.916,0.958,1.001,1.172,1.09,1.18955,1.334,1.242,1.16355,1.34911,1.491,1.739,1.976,1.989,1.8706,2.3,2.6691,3.6543,4.316,5.2263,5.9929
Bosnia and Herzegovina,--,--,--,--,--,--,--,--,--,--,--,--,3.374,2.343,3.424,3.607,5.104,4.608,4.511,5.477,5.043,5.129,5.215,4.456,5.919,5.938,5.798,3.961,4.506,NA
Bulgaria,3.674,3.58,3.018,3.318,3.226,2.214,2.302,2.512,2.569,2.662,1.859,2.417,2.042,1.923,1.453,2.291,2.89,2.726,3.068,2.753,2.66,1.73,2.182,3.005,3.155,4.3148,4.2216,2.8954,2.9271,NA
Croatia,--,--,--,--,--,--,--,--,--,--,--,--,4.304,4.32,4.887,5.217,7.166,5.236,5.408,6.526,5.795,6.483,5.311,4.827,6.894,6.2925,5.9685,4.2349,5.2219,NA
Cyprus,0,0,0,0,0,0,0,0,0,0,0,0,0,0,0,0,0,0,0,0,0,0,0,0,0,0.001,0.001,0.0029,0.0132,NA
Czech Republic,--,--,--,--,--,--,--,--,--,--,--,--,--,1.62785,1.83385,2.38485,2.318,2.18401,1.95,2.454,2.4274,2.71,3.1239,1.8448,2.6925,3.077,3.4533,3.3306,3.6353,4.4753
Denmark,0.03,0.031,0.028,0.06,0.067,0.087,0.165,0.212,0.334,0.471,0.827,1.066,1.39225,1.7013,1.878,2.034,2.331,3.184,4.13873,4.657,5.859,6.133,7.055,8.328,9.677,10.1877,9.5249,10.5151,10.3334,10.1592
Faroe Islands,0.049,0.049,0.049,0.049,0.049,0.049,0.049,0.049,0.062,0.071,0.074,0.074,0.083,0.073,0.076,0.076,0.07056,0.07607,0.0765,0.06945,0.07526,0.0752,0.09554,0.08483,0.09345,0.098,0.09994,0.10343,0.09493,NA
Finland,10.115,13.518,12.958,13.445,13.115,12.211,12.266,13.658,13.229,12.9,10.75,13.066,19.66,19.0058,17.81865,19.08545,17.58945,19.90873,24.13,20.96055,23.026,21.395,20.355,19.24835,25.133,22.9911,22.0664,24.4511,27.4149,21.442
Former Czechoslovakia,4.8,4.2,3.7,3.9,3.2,4.3,4,4.853,4.355,4.229,3.919,3.119,3.602,--,--,--,--,--,--,--,--,--,--,--,--,--,--,--,--,--
Former Serbia and Montenegro,--,--,--,--,--,--,--,--,--,--,--,--,11.23,10.395,11.016,12.071,14.266,12.636,12.763,13.243,11.88,12.326,11.633,9.752,11.01,11.912,--,--,--,--
Former Yugoslavia,27.868,25.044,23.295,21.623,25.645,24.363,27.474,25.98,25.612,23.256,19.601,18.929,--,--,--,--,--,--,--,--,--,--,--,--,--,--,--,--,--,--
France,69.395,71.612,70.267,68.798,65.492,61.597,62.376,70.065,75.36,47.805,54.913,58.58195,70.65495,66.509,80.453,74.853,67.237,66.2852,64.6279,75.423,70.4709,78.6352,65.115,64.0883,65.1206,57.4268,62.8931,67.1854,74.6173,70.0275
Germany,--,--,--,--,--,--,--,--,--,--,--,20.3925,23.4029,24.22975,27.95765,30.506,31.30345,27.93843,30.689,32.5696,40.071,44.354,50.436,51.272,60.8603,62.23,71.2838,88.963,91.2524,97.3986
Germany, East,1.658,1.718,1.748,1.683,1.748,1.758,1.767,1.726,1.719,1.551,1.389,--,--,--,--,--,--,--,--,--,--,--,--,--,--,--,--,--,--,--
Germany, West,22.29,22.629,22.419,20.759,20.75,19.673,20.717,22.158,22.433,21.079,20.552,--,--,--,--,--,--,--,--,--,--,--,--,--,--,--,--,--,--,--
Gibraltar,0,0,0,0,0,0,0,0,0,0,0,0,0,0,0,0,0,0,0,0,0,0,0,0,0,0,0,0,0,0
Greece,3.396,3.398,3.551,2.331,2.852,2.792,3.222,2.77,2.359,1.888,1.752,3.068,2.3176,2.39065,2.67915,3.6253,4.4501,3.98438,3.8985,4.886,4.239,2.967,3.612,5.92195,5.941,6.381,7.5531,4.4916,5.6131,6.7844
Hungary,0.111,0.166,0.158,0.153,0.179,0.153,0.152,0.167,0.167,0.156,0.208,0.238,0.242,0.237,0.245,0.258,0.291,0.30284,0.25845,0.292,0.29,0.304,0.262,0.3568,0.922,1.853,1.5511,1.9361,2.3562,2.8643
Iceland,3.103,3.217,3.575,3.77,3.921,3.848,4.058,4.152,4.414,4.474,4.447,4.43085,4.4855,4.664,4.717,4.9105,5.0527,5.51118,6.18725,7.0662,7.54885,7.89,8.268,8.353,8.47385,8.5281,9.7214,11.712,16.1401,16.4823
Ireland,0.833,0.855,0.792,0.776,0.68,0.824,0.91,0.673,0.862,0.684,0.69,0.738,0.81375,0.78425,0.94205,0.7362,0.7543,0.79572,1.14855,1.102,1.16,0.999,1.35,1.1053,1.34985,1.8049,2.3805,2.6455,3.4015,3.8722
Italy,48.79,46.109,44.587,44.193,45.227,43.668,44.142,42.765,43.998,36.8079,34.5586,45.0285,45.54695,45.0418,48.0328,41.40875,46.13735,46.45682,46.9063,51.849,51.34375,54.99965,48.975,44.89705,55.1197,49.9242,52.1125,49.2231,59.3982,66.9909
Luxembourg,0.115,0.128,0.117,0.115,0.123,0.104,0.116,0.143,0.141,0.108,0.102,0.119,0.099,0.104,0.156,0.137,0.099,0.12885,0.167,0.149,0.198,0.21395,0.19495,0.164,0.22325,0.2354,0.2705,0.2855,0.3115,0.2899
Macedonia,--,--,--,--,--,--,--,--,--,--,--,--,0.817,0.517,0.696,0.793,0.842,0.891,1.072,1.375,1.158,0.62,0.749,1.36,1.467,1.477,1.634,1,0.832,NA
Malta,0,0,0,0,0,0,0,0,0,0,0,0,0,0,0,0,0,0,0,0,0,0,0,0,0,0,0,0,0,0
Montenegro,--,--,--,--,--,--,--,--,--,--,--,--,--,--,--,--,--,--,--,--,--,--,--,--,--,--,1.745,1.64,1.53,NA
Netherlands,0.973,1.031,0.252,0.219,0.016,0.422,0.529,0.67,0.811,0.915,1.168,1.266,1.38595,1.54395,1.72595,2.13115,2.80015,3.10433,3.506,3.735,4.253,4.546,5.184,5.294,6.535,8.5287,9.1807,8.8594,10.6355,11.917
Norway,82.717,91.876,91.507,104.704,104.895,101.473,95.37,102.381,107.97,117.423,120.225,109.297,115.78385,118.34085,110.74155,120.4795,102.92364,109.236,114.58345,120.604,137.8455,117.521,128.52525,105.204,108.477,135.1991,119.2314,133.6461,139.4993,126.1753
Poland,2.715,2.487,1.904,2.108,1.864,2.342,2.033,1.952,2.054,1.815,1.647,1.826,1.893,1.82,2.052,2.21195,2.294,2.5109,2.8528,2.6148,2.614,3.043,3.16,2.476,3.3169,4.1152,4.5376,5.5694,6.4734,8.3994
Portugal,8.177,5.229,7.155,8.282,9.964,11.033,8.94,9.588,12.657,6.349,9.7257,9.72665,5.4465,9.3242,11.48645,9.25505,15.5929,14.04445,13.96495,8.5828,12.92195,15.75795,9.806,17.712,12.3473,8.3263,15.6667,16.0823,14.4535,17.9285
Romania,12.506,12.605,11.731,9.934,11.208,11.774,10.689,11.086,13.481,12.499,10.872,14.107,11.637,12.706,12.916,16.529,15.597,17.344,18.7,18.107,14.63,14.774,15.889,13.129,16.352,20.012,18.1758,15.8421,17.0505,NA
Serbia,--,--,--,--,--,--,--,--,--,--,--,--,--,--,--,--,--,--,--,--,--,--,--,--,--,--,10.855,9.937,9.468,NA
Slovakia,--,--,--,--,--,--,--,--,--,--,--,--,--,3.432,4.311,4.831,4.185,4.053,4.235,4.458,4.599,5.049,5.384,3.5731,4.117,4.6699,4.81,4.9351,4.5519,4.93
Slovenia,--,--,--,--,--,--,--,--,--,--,--,--,3.379,2.974,3.348,3.187,3.616,3.046,3.4,3.713,3.838,3.809,3.362,3.038,4.153,3.521,3.6472,3.3271,4.2374,NA
Spain,29.504,22.043,26.453,27.228,31.611,31.475,26.616,27.551,35.399,19.666,25.838,27.6899,19.4664,24.9318,28.85875,24.40975,41.2012,37.13125,37.02125,27.5958,35.7771,48.9268,34.3204,55.49115,49.725,41.3081,51.395,57.3943,60.4336,70.8972
Sweden,58.873,59.912,55.358,64.207,68.906,71.849,62.072,72.878,71.023,73.112,73.577,64.343,75.566,76.076,60.734,69.81905,53.4424,71.255,77.447,74.053,82.359,82.5489,70.4925,58.2459,67.9309,80.9052,70.9327,76.9815,80.9418,78.1595
Switzerland,32.645,35.544,36.345,35.445,30.222,32.078,33.011,34.813,35.924,29.98,30.028,32.28595,32.9579,35.9648,39.64175,35.8247,29.5776,34.78507,34.2646,41.05155,37.9973,42.3364,36.3303,36.297,35.3247,32.9328,32.8986,37.1323,38.0045,37.6796
Turkey,11.288,12.413,13.81,11.13,13.209,11.826,11.674,18.364,28.509,17.666,22.993,22.56895,26.4135,33.7381,30.40305,35.4787,40.3168,39.77569,42.13321,34.62095,30.8822,24.085,33.657,35.23,45.86535,39.3929,44.1886,36.3697,34.7542,38.5828
United Kingdom,3.921,4.369,4.543,4.548,3.993,4.081,4.768,6.295,6.204,6.095,6.443,5.566,6.347,5.74,7.145,7.11245,5.933,7.224,8.975,9.87995,10.16795,11.6269,13.484,12.92605,15.6307,18.7195,19.5382,20.6042,22.2871,25.3158
Eurasia,184.025,184.993,175.46,180.186,203.155,205.046,213.477,217.466,228.512,221.024,230.697,232.679,231.881,241.859,247.097,237.091,213.947,215.499,223.17,226.483,228.4701,238.1606,226.90995,224.6966,249.2869,248.33679,248.56,247.48948,237.47523,NA
Armenia,--,--,--,--,--,--,--,--,--,--,--,--,3.013,4.249,3.479,1.9,1.556,1.376,1.522,1.188,1.248,0.958,1.641,1.962,1.978,1.755,1.807,1.83678,1.78093,NA
Azerbaijan,--,--,--,--,--,--,--,--,--,--,--,--,1.73,2.376,1.811,1.54,1.523,1.695,1.931,1.491,1.519,1.288,2,2.444,2.727,2.979,2.493,2.34,2.21,2.285
Belarus,--,--,--,--,--,--,--,--,--,--,--,--,0.017,0.019,0.019,0.02,0.016,0.021,0.122,0.117,0.027,0.03,0.028,0.028,0.034,0.0645,0.1243,0.1196,0.117,NA
Estonia,--,--,--,--,--,--,--,--,--,--,--,--,0.001,0.001,0.003,0.008,0.007,0.011,0.016,0.016,0.018,0.018,0.029,0.048,0.059,0.1063,0.1242,0.1387,0.1885,NA
Former U.S.S.R.,184.025,184.993,175.46,180.186,203.155,205.046,213.477,217.466,228.512,221.024,230.697,232.679,--,--,--,--,--,--,--,--,--,--,--,--,--,--,--,--,--,--
Georgia,--,--,--,--,--,--,--,--,--,--,--,--,6.439,6.536,6.704,5.151,5.94,5.987,6.308,6.378,5.801,5.487,6.699,6.461,5.989,6.174,5.262,6.75,7.09,NA
Kazakhstan,--,--,--,--,--,--,--,--,--,--,--,--,6.797,7.553,9.087,8.248,7.258,6.434,6.08,6.071,7.456,8,8.801,8.539,7.976,7.777,7.69,8.089,7.385,7.496
Kyrgyzstan,--,--,--,--,--,--,--,--,--,--,--,--,9.195,8.994,11.607,11.007,12.132,10.825,9.844,12.021,13.546,12.306,10.679,13.381,13.953,14.116,14.738,13.809,10.633,NA
Latvia,--,--,--,--,--,--,--,--,--,--,--,--,2.498,2.846,3.272,2.908,1.842,2.923,2.992,2.731,2.795,2.811,2.458,2.312,3.1606,3.3766,2.7546,2.7962,3.1758,NA
Lithuania,--,--,--,--,--,--,--,--,--,--,--,--,0.308,0.389,0.447,0.369,0.323,0.291,0.413,0.409,0.336,0.324,0.354,0.33,0.424,0.45509,0.4291,0.568,0.5879,NA
Moldova,--,--,--,--,--,--,--,--,--,--,--,--,0.255,0.371,0.275,0.321,0.362,0.378,0.083,0.09,0.057,0.072,0.12,0.063,0.058,0.062,0.076,0.033,0.081,NA
Russia,--,--,--,--,--,--,--,--,--,--,--,--,171.912,173.36,174.784,175.186,153.3,156.501,158.384,160.887,164.9041,174.9736,163.40995,156.2386,176.1703,173.8522,174.6665,177.6424,165.9783,165.1168
Tajikistan,--,--,--,--,--,--,--,--,--,--,--,--,15.769,16.947,16.524,14.45,14.677,13.576,14.008,15.273,13.774,14.064,15.012,16.173,16.176,16.797,16.534,16.943,15.688,NA
Turkmenistan,--,--,--,--,--,--,--,--,--,--,--,--,0.004,0.005,0.004,0.004,0.005,0.005,0.006,0.005,0.005,0.003,0.003,0.003,0.003,0.003,0.003,0.003,0.003,NA
Ukraine,--,--,--,--,--,--,--,--,--,--,--,--,7.725,10.929,11.997,9.853,8.546,9.757,15.761,14.18,11.167,11.927,9.552,9.17,11.659,12.2751,12.7903,10.0848,11.3108,NA
Uzbekistan,--,--,--,--,--,--,--,--,--,--,--,--,6.218,7.284,7.084,6.126,6.46,5.719,5.7,5.626,5.817,5.899,6.124,7.544,8.92,8.544,9.068,6.336,11.246,9.237
Middle East,9.619,10.318,10.556,10.06,10.743,10.762,10.118,10.404,10.508,10.486,9.646,10.458,13.332,13.655,11.305,11.005,11.252,10.943,11.039,8.577,7.947,9.4147,12.7427,15.6327,16.4287,21.0144,23.4002,22.5952,8.964,NA
Bahrain,0,0,0,0,0,0,0,0,0,0,0,0,0,0,0,0,0,0,0,0,0,0,0,0,0,0,0,0,0,0
Iran,5.561,6.164,6.38,6.138,6.268,6.27,6.136,6.336,6.386,6.633,6.022,6.985,9.435,9.725,7.371,7.202,7.326,6.857,6.961,4.906,3.625,5.026,8.004,10.987,10.528,16.0065,18.2018,17.9429,4.8912,NA
Iraq,0.683,0.683,0.604,0.594,0.604,0.604,0.594,0.604,0.703,0.594,0.604,0.307,0.693,0.594,0.554,0.564,0.564,0.575,0.587,0.599,0.605,0.612,0.512,0.429,0.488,0.459,0.481,0.501,0.555,NA
Israel,0,0,0,0,0,0,0,0.01,0.01,0.003,0.003,0.006,0.029,0.03,0.03,0.025,0.024,0.025,0.025,0.033,0.031,0.02,0.031,0.042,0.038,0.0384,0.0169,0.015,0.2335,NA
Jordan,0,0,0,0,0,0,0.003,0.019,0.027,0.017,0.019,0.008,0.016,0.023,0.015,0.019,0.023,0.02,0.016,0.017,0.042,0.0507,0.0597,0.0497,0.0607,0.0635,0.0585,0.0723,0.0723,NA
Kuwait,0,0,0,0,0,0,0,0,0,0,0,0,0,0,0,0,0,0,0,0,0,0,0,0,0,0,0,0,0,0
Lebanon,0.841,0.841,0.643,0.554,0.579,0.579,0.554,0.604,0.594,0.495,0.297,0.495,0.545,0.713,0.809,0.71,0.79,0.892,0.777,0.329,0.445,0.33,0.671,1.349,1.109,1.036,0.688,0.579,0.369,NA
Oman,0,0,0,0,0,0,0,0,0,0,0,0,0,0,0,0,0,0,0,0,0,0,0,0,0,0,0,0,0,0
Palestine,--,--,--,--,--,--,--,--,--,--,--,--,--,--,--,--,--,0,0,0,0,0,0,0,0,0,0,0,0,0
Qatar,0,0,0,0,0,0,0,0,0,0,0,0,0,0,0,0,0,0,0,0,0,0,0,0,0,0,0,0,0,0
Saudi Arabia,0,0,0,0,0,0,0,0,0,0,0,0,0,0,0,0,0,0,0,0,0,0,0,0,0,0,0,0,0,0
Syria,2.534,2.63,2.929,2.774,3.292,3.309,2.831,2.831,2.788,2.744,2.701,2.657,2.614,2.57,2.526,2.485,2.525,2.574,2.673,2.693,3.199,3.376,3.465,2.776,4.205,3.411,3.954,3.485,2.843,NA
United Arab Emirates,0,0,0,0,0,0,0,0,0,0,0,0,0,0,0,0,0,0,0,0,0,0,0,0,0,0,0,0,0,0
Yemen,0,0,0,0,0,0,0,0,0,0,0,0,0,0,0,0,0,0,0,0,0,0,0,0,0,0,0,0,0,0
Africa,60.281,52.80065,52.04835,50.3211,45.31075,47.08845,49.8481,48.96775,51.64045,52.8271,55.46138,57.26945,56.3651,55.43482,56.35275,59.7537,62.71335,64.5013,61.91025,72.9482,75.71745,82.7,84.84455,83.79825,88.97019,91.76146,92.93972,96.16929,97.57348,115.554,231.45
Algeria,0.248,0.362,0.474,0.233,0.516,0.639,0.247,0.491,0.181,0.263,0.134,0.29,0.197,0.349,0.164,0.191,0.134,0.074,0.213,0.201,0.053,0.068,0.056,0.262,0.248,0.549,0.216,0.224,0.28,0.31
Angola,0.53,0.53,0.6,0.6,0.6,0.6,0.66,0.66,0.66,0.667,0.718,0.715,0.832,0.881,0.886,0.891,0.916,0.866,1.049,0.885,0.903,1.007,1.132,1.229,1.733,2.197,2.638,3.078,3.804,NA
Benin,0,0,0,0,0,0,0,0,0,0,0,0,0,0,0,0,0.0017,0.0017,0.0017,0.0017,0.002,0.002,0.002,0.002,0.001,0.001,0.001,0.001,0.001,NA
Botswana,0,0,0,0,0,0,0,0,0,0,0,0,0,0,0,0,0,0,0,0,0,0,0,0,0,0,0,0,0,0
Burkina Faso,0,0,0,0,0,0,0,0,0,0,0.009,0.013,0.02,0.047,0.072,0.094,0.114,0.115,0.078,0.123,0.097,0.053,0.064,0.096,0.10044,0.09947,0.07986,0.1103,0.13457,0.13097
Burundi,0.002,0.002,0.002,0.023,0.039,0.046,0.061,0.094,0.103,0.102,0.107,0.11,0.104,0.108,0.114,0.117,0.117,0.12,0.109,0.097,0.098,0.114,0.126,0.1,0.09,0.099,0.092,0.116,0.206,NA
Cameroon,1.35,1.79,2.028,2.003,2.106,2.295,2.297,2.301,2.489,2.602,2.609,2.642,2.624,2.626,2.661,2.725,2.839,3.061,3.085,3.301,3.408,3.439,3.15,3.493,3.881,3.734,3.853,3.809,4.19,NA
Cape Verde,0,0,0,0,0,0,0,0,0,0,0,0,0,0,0,0,0,0,0,0,0,0,0,0,0,0.0061,0.0061,0.0071,0.0065,NA
Central African Republic,0.066,0.065,0.068,0.064,0.069,0.06,0.076,0.073,0.074,0.074,0.076,0.075,0.077,0.077,0.079,0.08,0.081,0.083,0.081,0.081,0.083,0.082,0.082,0.083,0.083,0.099,0.109,0.129,0.13,NA
Chad,0,0,0,0,0,0,0,0,0,0,0,0,0,0,0,0,0,0,0,0,0,0,0,0,0,0,0,0,0,0
Comoros,0.002,0.002,0.002,0.002,0.002,0.002,0.002,0.002,0.002,0.002,0.002,0.002,0.002,0.002,0.002,0.002,0.002,0.002,0.002,0.002,0.002,0.002,0.003,0.004,0.005,0.005,0.005,0.002,0.002,NA
Congo (Brazzaville),0.099,0.102,0.174,0.229,0.248,0.288,0.265,0.275,0.286,0.393,0.485,0.474,0.421,0.355,0.319,0.348,0.451,0.446,0.339,0.25,0.292,0.331,0.392,0.339,0.327,0.351,0.368,0.332,0.371,NA
Congo (Kinshasa),4.199,4.126,4.08,4.432,4.646,4.975,5.204,5.187,5.196,5.836,5.569,5.206,5.993,5.473,5.241,6.097,6.03,4.974,4.662,5.247,5.939,5.914,6.049,6.098,7.007,7.319,7.45,7.747,7.409,NA
Cote dIvoire (IvoryCoast),1.345,1.726,1.731,1.067,0.369,1.344,1.179,1.216,1.227,1.25,1.309,1.242,1.038,1.087,1.162,1.766,1.764,1.86,1.363,1.736,1.746,1.782,1.712,1.916,1.836,1.5275,1.6014,1.8883,1.9911,NA
Djibouti,0,0,0,0,0,0,0,0,0,0,0,0,0,0,0,0,0,0,0,0,0,0,0,0,0,0,0,0,0,0
Egypt,9.699,10.109,10.365,10.094,9.9,8.019,7.92,8.168,7.821,7.92,9.875,8.545,8.455,10.381,10.63,11.299,11.439,11.867,12.1,15.157,13.69,15.189,12.924,13.239,13.015,13.042,13.381,16.144,15.41944,NA
Equatorial Guinea,0.002,0.002,0.002,0.002,0.002,0.002,0.002,0.002,0.002,0.002,0.002,0.002,0.002,0.002,0.002,0.002,0.002,0.003,0.003,0.003,0.002,0.002,0.005,0.007,0.007,0.007,0.007,0.003,0.002,NA
Eritrea,--,--,--,--,--,--,--,--,--,--,--,--,--,--,0,0,0,0,0,0,0,0,0,0,0.001,0.001,0.002,0.002,0.0019,0.0019
Ethiopia,0.473,0.502,0.574,0.623,0.683,0.747,0.821,0.886,0.956,0.994,1.088,1.097,1.127,1.251,1.34,1.414,1.495,1.55,1.588,1.608,1.635,1.973,2.003,2.257,2.496,2.805,3.226,3.351,3.2763,NA
Gabon,0.257,0.408,0.482,0.541,0.604,0.66,0.665,0.668,0.669,0.693,0.701,0.708,0.716,0.711,0.747,0.792,0.771,0.808,0.811,0.83,0.802,0.876,0.921,0.898,0.891,0.813,0.9426,0.7996,0.8916,NA
Gambia, The,0,0,0,0,0,0,0,0,0,0,0,0,0,0,0,0,0,0,0,0,0,0,0,0,0,0,0,0,0,0
Ghana,5.276,5.341,4.941,2.55,1.799,2.996,4.389,4.627,4.811,5.178,5.664,6.075,6.536,6.228,6.033,6.036,6.559,6.782,3.792,5.117,6.544,6.543,4.986,3.846,5.228,5.573,5.563,3.69,6.133,NA
Guinea,0.148,0.148,0.148,0.153,0.155,0.161,0.163,0.165,0.168,0.17,0.173,0.176,0.178,0.18,0.182,0.191,0.195,0.285,0.307,0.391,0.406,0.546,0.589,0.396,0.549,0.489,0.456,0.533,0.5,NA
Guinea-Bissau,0,0,0,0,0,0,0,0,0,0,0,0,0,0,0,0,0,0,0,0,0,0,0,0,0,0,0,0,0,0
Kenya,1.182,1.5427,1.6174,1.86015,1.84985,2.14155,2.2342,2.3209,2.7836,2.93325,3.02158,3.22165,3.2293,3.43007,3.494,3.711,3.902,3.783,3.821,2.984,1.929,3.044,3.75995,4.27995,4.12795,4.25414,4.51173,4.72716,4.24626,NA
Lesotho,0,0,0,0,0,0,0,0,0,0,0,0,0,0,0,0,0,0,0,0.195,0.288,0.285,0.314,0.325,0.297,0.347,0.198,0.198,0.2,NA
Liberia,0.331,0.314,0.328,0.32,0.223,0.259,0.315,0.316,0.321,0.311,0,0,0,0,0,0,0,0,0,0,0,0,0,0,0,0,0,0,0,0
Libya,0,0,0,0,0,0,0,0,0,0,0,0,0,0,0,0,0,0,0,0,0,0,0,0,0,0,0,0,0,0
Madagascar,0.146,0.152,0.226,0.245,0.252,0.255,0.266,0.286,0.3,0.314,0.338,0.332,0.342,0.344,0.347,0.369,0.421,0.45,0.5,0.515,0.54,0.528,0.535,0.604,0.634,0.653,0.594,0.535,0.735,NA
Malawi,0.388,0.379,0.405,0.443,0.464,0.47,0.506,0.558,0.563,0.566,0.697,0.743,0.768,0.771,0.811,0.832,0.846,0.866,0.995,0.962,1.023,1.045,1.093,1.139,1.259,1.316,1.326,1.485,1.451,NA
Mali,0.083,0.082,0.105,0.122,0.133,0.133,0.158,0.16,0.166,0.168,0.181,0.182,0.208,0.218,0.22,0.223,0.21,0.227,0.23,0.23,0.233,0.234,0.236,0.234,0.248,0.255,0.263,0.268,0.275,NA
Mauritania,0.025,0.03,0.038,0.039,0.036,0.031,0.018,0.025,0.025,0.025,0.025,0.025,0.026,0.026,0.028,0.028,0.028,0.03,0.028,0.03,0.032,0.034,0.034,0.041,0.044,0.049,0.051,0.054,0.06,NA
Mauritius,0.082,0.059,0.093,0.035,0.065,0.114,0.109,0.139,0.099,0.147,0.084,0.074,0.112,0.103,0.075,0.134,0.102,0.092,0.104,0.03,0.095,0.07,0.085,0.117,0.121,0.113,0.07587,0.08302,0.1,NA
Morocco,1.487,1.031,0.576,0.476,0.362,0.465,0.625,0.825,0.926,1.145,1.184,1.234,0.954,0.439,0.831,0.605,1.937,2.062,1.759,0.817,0.772,1.058,1.026,1.634,1.781,1.1647,1.1619,1.1711,1.2031,NA
Mozambique,13.409,3.315,2.959,5.01,0.552,0.149,0.038,0.024,0.049,0.05,0.281,0.32,0.322,0.341,0.362,0.375,0.445,0.967,1.487,7.606,9.555,11.723,12.547,10.761,11.551,13.131,14.57,15.902,14.963,NA
Namibia,--,--,--,--,--,--,--,--,--,--,0,0,0,0,0,1.12,0.845,0.604,0.982,1.157,1.366,1.356,1.446,1.497,1.586,1.641,1.59,1.56,1.556,NA
Niger,0,0,0,0,0,0,0,0,0,0,0,0,0,0,0,0,0,0,0,0,0,0,0,0,0,0,0,0,0,0
Nigeria,2.724,2.291,2.394,1.856,2.569,2.978,3.594,3.251,3.968,4.099,4.343,5.871,5.998,5.516,5.506,5.445,5.445,5.537,5.717,6.088,5.686,5.85,8.152,7.374,8.027,7.69,6.2,6.165,5.664,NA
Reunion,0.302,0.37,0.422,0.428,0.404,0.483,0.497,0.524,0.418,0.492,0.544,0.456,0.49,0.493,0.493,0.497,0.5,0.539,0.551,0.553,0.554,0.556,0.569,0.572,0.574,0.574,0.574,0.651,0.633,NA
Rwanda,0.111,0.103,0.133,0.151,0.161,0.162,0.149,0.164,0.167,0.171,0.165,0.163,0.17,0.153,0.156,0.158,0.14,0.16,0.16,0.127,0.11,0.088,0.097,0.116,0.083,0.059,0.041,0.033,0.03,NA
Saint Helena,0,0,0,0,0,0,0,0,0,0,0,0,0,0,0,0,0,0,0,0,0,0,0,0,0,0,0,0,0,0
Sao Tome and Principe,0.007,0.007,0.008,0.006,0.008,0.008,0.007,0.008,0.008,0.008,0.008,0.008,0.008,0.008,0.008,0.008,0.008,0.008,0.007,0.009,0.01,0.004,0.006,0.007,0.006,0.004,0.008,0.01,0.01,NA
Senegal,0.038,0.03895,0.03895,0.03895,0.0399,0.0399,0.0399,0.04085,0.04085,0.04085,0.0418,0.0418,0.0418,0.04275,0.04275,0.0437,0.04465,0.0456,0.04655,0.0475,0.05045,0.059,0.2586,0.3873,0.3329,0.31645,0.2835,0.231,0.2574,NA
Seychelles,0,0,0,0,0,0,0,0,0,0,0,0,0,0,0,0,0,0,0,0,0,0,0,0,0,0,0,0,0,0
Sierra Leone,0,0,0,0,0,0,0,0,0,0,0,0,0,0,0,0,0,0,0,0,0.015,0.015,0.016,0.016,0.016,0.018,0.018,0.018,0.018,NA
Somalia,0,0,0,0,0,0,0,0,0,0,0,0,0,0,0,0,0,0,0,0,0,0,0,0.01,0.011,0.011,0.012,0.015,0.015,NA
South Africa,0.992,1.656,1.016,0.595,0.56,0.624,1.623,1.617,3.162,2.759,1.01,1.98,0.752,0.146,1.074,0.529,1.376,2.231,1.814,0.913,1.635,2.353,2.653,1.073,1.237,1.6153,3.1653,1.2163,1.5443,NA
Sudan,0.495,0.739,0.764,0.764,0.75,0.914,0.914,0.916,0.918,0.926,0.948,1.028,1.078,1.08,1.11,0.962,1.063,1.043,1.033,1.198,1.171,1.255,1.274,1.151,1.096,1.248,1.356,1.436,1.448,NA
Swaziland,0.126,0.129,0.094,0.065,0.129,0.185,0.151,0.183,0.194,0.217,0.152,0.202,0.202,0.202,0.202,0.208,0.208,0.21,0.208,0.203,0.195,0.19,0.201,0.122,0.102,0.157,0.154,0.171,0.2,NA
Tanzania,0.987,1.019,1.028,1.064,1.094,1.114,1.069,1.162,1.233,1.431,1.534,1.709,1.634,1.681,1.478,1.524,1.731,1.435,2.057,2.143,2.121,2.576,2.693,2.524,2.333,1.76,1.422,2.486,2.628,NA
Togo,0.038,0.038,0.057,0.019,0.038,0.076,0.076,0.076,0.076,0.095,0.095,0.193,0.128,0.23,0.148,0.255,0.19,0.093,0.172,0.203,0.099,0.05,0.086,0.123,0.0819,0.0749,0.0928,0.1005,0.0919,NA
Tunisia,0.023,0.029,0.039,0.03,0.066,0.108,0.051,0.112,0.047,0.034,0.044,0.104,0.064,0.063,0.04,0.041,0.07,0.072,0.075,0.094,0.085,0.076,0.092,0.195,0.194,0.1839,0.1271,0.0899,0.0751,NA
Uganda,0.633,0.513,0.555,0.513,0.612,0.628,0.64,0.612,0.581,0.678,0.761,0.768,0.973,0.958,0.997,1.035,1.107,1.24,1.255,1.258,1.551,1.546,1.668,1.752,1.888,1.839,1.16056,1.398,1.631,NA
Western Sahara,0,0,0,0,0,0,0,0,0,0,0,0,0,0,0,0,0,0,0,0,0,0,0,0,0,0,0,0,0,0
Zambia,9.01,9.676,9.913,9.93,9.783,9.852,9.695,8.353,8.291,6.702,7.731,7.715,7.663,7.666,7.668,7.792,7.043,7.807,7.464,7.635,7.673,7.814,8.021,8.174,8.375,8.794,9.746,9.703,9.569,NA
Zimbabwe,3.966,4.072,3.568,3.695,3.422,3.065,3.122,2.48,2.659,3.369,3.752,3.527,2.88,1.766,1.628,1.814,2.141,2.102,1.861,2.92,3.227,2.968,3.786,5.305,5.466,5.776,4.241,4.496,4.22,NA
Asia & Oceania,267.5724,284.7999,294.8984,314.9902,317.2413,335.7105,349.3565,343.521,385.507,408.718,423.29445,430.93785,422.56495,456.5476,468.77894,505.80745,497.44742,518.03437,546.9932,554.0201,564.30815,621.304,625.4973,656.72545,739.71393,796.98674,872.22934,874.64156,978.58152,NA
Afghanistan,0.711,0.721,0.707,0.746,0.757,0.77,0.713,0.756,0.744,0.75,0.756,0.683,0.473,0.47,0.467,0.412,0.361,0.322,0.3,0.3,0.312,0.292,0.555,0.63,0.565,0.671,0.646,0.53,0.52,NA
American Samoa,0,0,0,0,0,0,0,0,0,0,0,0,0,0,0,0,0,0,0,0,0,0,0,0,0,0,0,0,0,0
Australia,13.18,14.319,13.951,12.42,12.394,13.962,14.809,13.91,14.104,15.081,14.576,16.299,15.8414,17.1324,16.848,16.40875,16.58845,17.72125,16.7199,17.5711,17.3038,17.9385,17.6051,18.2466,18.3551,17.8126,19.1407,18.6474,17.7797,17.1774
Bangladesh,0.625,0.523,0.662,0.662,0.897,0.739,0.45,0.512,0.668,0.911,0.875,0.83,0.788,0.602,0.839,0.604,0.732,0.712,0.856,0.825,0.937,0.983,1.055,1.115,1.214,1.28,1.375,1.378,1.459,1.366
Bhutan,0.006,0.007,0.008,0.008,0.008,0.008,0.3,1.168,1.529,1.529,1.541,1.557,1.604,1.604,1.658,1.715,1.852,1.82,1.783,1.782,1.792,1.921,2.178,2.502,2.329,2.62,4.574,6.494,7.063,NA
Brunei,0,0,0,0,0,0,0,0,0,0,0,0,0,0,0,0,0,0,0,0,0,0,0,0,0,0,0,0,0,0
Burma (Myanmar),0.788,0.851,0.917,0.983,1,0.993,1.031,1.013,0.926,1.133,1.181,1.228,1.503,1.688,1.598,1.608,1.634,1.669,0.94,1.028,1.873,1.804,2.21,2.228,2.384,2.967,3.291,2.994,3.988,NA
Cambodia,0.049,0.053,0.055,0.04,0.03,0.035,0.04,0.045,0.05,0.054,0.062,0.064,0.067,0.069,0.071,0.073,0.077,0.057,0.05,0.044,0.046,0.03,0.029,0.041,0.028,0.044,0.0539,0.057,0.0523,NA
China,57.618,64.845,73.656,85.536,85.932,91.476,93.555,99.198,108.009,117.216,125.14,123.861,130.202,149.219,165.722,187.723,186.5,195.309,204.871,213.154,223.098,277.7141,288.2678,284.1884,353.637,397.3305,437.4596,437.7499,537.2981,576.8825
Cook Islands,0,0,0,0,0,0,0,0,0,0,0,0,0,0,0,0,0,0,0,0,0,0,0,0,0,0,0,0,0,0
Fiji,0,0,0,0.049,0.284,0.29,0.329,0.346,0.327,0.327,0.381,0.381,0.386,0.386,0.406,0.425,0.426,0.43,0.5,0.555,0.545,0.575,0.627,0.665,0.67,0.667,0.681,0.71,0.661,0.66
French Polynesia,0,0,0,0.016,0.024,0.032,0.035,0.035,0.058,0.064,0.069,0.074,0.09,0.094,0.096,0.125,0.133,0.133,0.151,0.087,0.116,0.105,0.131,0.121,0.151,0.13,0.147,0.163,0.17,NA
Guam,0,0,0,0,0,0,0,0,0,0,0,0,0,0,0,0,0,0,0,0,0,0,0,0,0,0,0,0,0,0
Hawaiian Trade Zone,0,0,0,0,0,0,0,--,--,--,--,--,--,--,--,--,--,--,--,--,--,--,--,--,--,--,--,--,--,--
Hong Kong,0,0,0,0,0,0,0,0,0,0,0,0,0,0,0,0,0,0,0,0,0,0,0,0,0,0,0.001,0.001,0.001,NA
India,46.54,49.56,48.31,49.87,53.405,50.508,53.311,46.996,57.297,61.517,70.969,72.084,69.271,69.863,82.081,72.342,69.081,74.859,83.198,82.203,76.604,76.829,67.777,79.783,89.9508,108.8166,122.6895,132.4604,128.0984,121.781
Indonesia,2.234,2.907,2.782,3.139,3.402,4.197,5.769,5.244,6.65,7.87,7.735,8.104,10.039,9.071,8.885,10.239,10.983,8.295,14.153,13.843,14.549,17.276,15.778,15.004,15.914,16.9468,15.8841,17.87902,19.3502,NA
Japan,88.875,87.922,90.505,94.295,84.649,94.69,93.749,88.72,105.855,107.81,100.00695,108.50795,93.95985,106.7295,79.58035,96.3146,95.87381,106.50355,109.2588,103.74535,104.447,101.8064,101.5015,115.61165,115.9754,102.8456,114.5789,102.4292,103.9902,98.8421
Kiribati,0,0,0,0,0,0,0,0,0,0,0,0,0,0,0,0,0,0,0,0,0,0,0,0,0,0,0,0,0,0
Korea, North,10.494,10.652,10.811,10.969,11.128,12.177,12.87,13.464,14.85,14.85,15.444,14.85,14.058,13.167,13.662,14.058,12.375,10.593,10.098,10.197,10.098,10.494,10.514,11.603,12.375,13.001,12.494,13.147,13.927,NA
Korea, South,1.539,2.257,1.56,2.272,1.978,3.153,3.078,3.925,1.967,2.934,4.637,3.453,3.068,4.187,2.32934,2.97435,2.78671,3.17077,4.6148,4.50115,4.367,4.452,3.968,5.12,4.6916,4.0531,4.0192,4.5631,4.3575,4.9092
Laos,0.92,1.089,1.138,1.019,0.94,0.857,0.819,0.531,0.487,0.661,0.817,0.876,0.858,0.867,0.853,1.042,1.194,1.164,1.802,2.324,3.277,3.297,3.212,2.832,2.998,3.135,3.241,3.336,3.6798,NA
Macau,0,0,0,0,0,0,0,0,0,0,0,0,0,0,0,0,0,0,0,0,0,0,0,0,0,0,0,0,0,0
Malaysia,1.398,1.578,1.29,1.684,3.397,3.776,4.032,4.861,5.607,5.183,3.948,4.363,4.316,4.823,6.458,6.156,5.132,3.831,4.803,7.445,7.34,6.372,5.249,5.694,5.77,5.135,6.379,6.424,7.385,8.641
Maldives,0,0,0,0,0,0,0,0,0,0,0,0,0,0,0,0,0,0,0,0,0,0,0,0,0,0,0,0,0,0
Mongolia,0,0,0,0,0,0,0,0,0,0,0,0,0,0,0,0,0,0,0,0,0,0,0,0,0,0,0,0,0,0
Nauru,0,0,0,0,0,0,0,0,0,0,0,0,0,0,0,0,0,0,0,0,0,0,0,0,0,0,0,0,0,0
Nepal,0.176,0.208,0.206,0.314,0.335,0.332,0.432,0.543,0.557,0.536,0.877,0.901,0.83,0.865,0.924,1.147,1.169,1.051,1.12,1.397,1.616,1.831,2.098,2.24,2.378,2.586,2.663,2.965,3.042,NA
New Caledonia,0.276,0.268,0.408,0.278,0.397,0.479,0.398,0.254,0.527,0.516,0.456,0.34,0.342,0.342,0.376,0.42,0.388,0.355,0.387,0.461,0.438,0.363,0.317,0.32,0.32303,0.336,0.285,0.386,0.44,NA
New Zealand,20.9304,20.8949,19.5724,21.0422,21.7363,20.9895,23.3775,23.582,24.774,24.149,25.6815,25.5889,23.1197,25.9337,28.23925,29.56775,28.21545,26.2088,27.1417,26.4269,27.6356,24.7573,27.8608,26.5303,30.0497,27.1542,27.648,28.1938,27.6105,30.4571
Niue,0,0,0,0,0,0,0,0,0,0,0,0,0,0,0,0,0,0,0,0,0,0,0,0,0,0,0,0,0,0
Pakistan,8.627,8.953,9.423,11.251,12.698,12.114,13.66,15.098,16.516,16.797,16.756,18.12,20.901,19.242,22.629,22.974,20.649,21.839,22.225,19.095,17.022,18.752,22.127,26.675,25.414,30.553,31.633,28.42,27.506,27.075
Papua New Guinea,0.312,0.307,0.301,0.381,0.406,0.416,0.452,0.433,0.44,0.45,0.455,0.455,0.455,0.455,0.46,0.862,0.934,0.703,0.859,0.91,0.921,0.921,0.921,0.92,0.886,0.882,0.854,0.867,0.9,NA
Philippines,5.45,6.322,7.141,6.825,9.45,10.209,10.331,9.54,10.814,11.47,11.193,10.563,9.624,10.328,11.891,11.998,13.167,12.847,13.501,17.826,18.766,16.953,16.693,17.121,18.275,17.72744,19.83334,18.23824,19.61132,19.95198
Samoa,0.007,0.007,0.012,0.012,0.016,0.017,0.02,0.018,0.018,0.02,0.02,0.02,0.025,0.025,0.025,0.026,0.03,0.033,0.038,0.043,0.035,0.048,0.062,0.054,0.05,0.05,0.051,0.052,0.048,0.049
Singapore,0,0,0,0,0,0,0,0,0,0,0,0,0,0,0,0,0,0,0,0,0,0,0,0,0,0,0,0,0,NA
Solomon Islands,0,0,0,0,0,0,0,0,0,0,0,0,0,0,0,0,0,0,0,0,0,0,0,0,0,0,0,0,0,0
Sri Lanka,1.464,1.556,1.591,1.204,2.069,2.37,2.617,2.154,2.57,2.773,3.114,3.085,2.871,3.758,4.048,4.407,3.219,3.413,3.876,4.131,3.176,3.091,2.679,3.29,2.945,3.4349,3.8672,3.9282,4.107,NA
Taiwan,2.905,4.77,4.758,4.967,4.41,5.941,6.069,5.454,4.626,4.814,6.317,3.815,6.49,4.068,5.011,4.791,4.696,5.736,6.949,6.043,6.132,7.087,4.829,5.594,6.28,7.136,7.4774,8.3008,8.1525,NA
Thailand,1.26,2.943,3.797,3.622,4.039,3.654,5.496,4.033,3.74,5.515,4.926,4.541,4.197,3.663,4.469,6.889,7.333,7.689,5.784,4.4216,7.43175,7.5587,9.2191,9.7825,8.5983,8.8,11.0405,12.0175,11.64,NA
Timor-Leste (East Timor),--,--,--,--,--,--,--,--,--,--,--,--,--,--,--,--,--,--,--,--,--,--,--,0,0,0,0,0,0,0
Tonga,0,0,0,0,0,0,0,0,0,0,0,0,0,0,0,0,0,0,0,0,0,0,0,0,0,0,0,0,0,0
U.S. Pacific Islands,0,0,0,0,0,0.016,0.03,0.03,0.03,0.03,0.03,0.03,0.03,0.03,0.03,0.03,0.03,0.03,0.03,0.025,0.025,0.025,0.018,0.018,0.018,0.018,0.018,0.018,0.018,NA
Vanuatu,0,0,0,0,0,0,0,0,0,0,0,0,0,0,0,0,0,0,0,0,0,0,0,0,0,0,0,0,0,0
Vietnam,1.188,1.287,1.337,1.386,1.46,1.51,1.584,1.658,1.767,3.758,5.331,6.264,7.156,7.866,9.123,10.476,11.888,11.54,10.984,13.636,14.405,18.028,18.016,18.796,17.489,20.854,20.204,22.292,25.726,NA
Wake Island,0,0,0,0,0,0,0,0,0,0,0,0,0,0,0,0,0,0,0,0,0,0,0,0,0,0,0,0,0,0
World,1753.66553,1779.20791,1832.81445,1918.14354,1985.39051,2006.45328,2051.38224,2061.46717,2140.66614,2177.22853,2269.45737,2316.45991,2336.47043,2466.92965,2498.00483,2622.27182,2665.56485,2738.18416,2755.50166,2811.32972,2859.4484,2817.61004,2885.12314,2919.31563,3121.8382,3271.31431,3416.38834,3465.59258,3654.09342,NA
